{"cameraMode":{"drawMode":0,"name":"Shaded","section":"Shading Mode"},"sceneLighting":true,"audioPlay":false,"sceneViewState":{"showFog":true,"showMaterialUpdate":false,"showSkybox":true,"showFlares":true,"showImageEffects":true,"showParticleSystems":true},"in2DMode":false,"pivot":{"x":54.03844451904297,"y":-0.4285430908203125,"z":48.66809844970703},"rotation":{"x":-0.661694347858429,"y":-0.018650855869054796,"z":0.01650063693523407,"w":-0.7494224309921265},"size":37.052730560302737,"orthographic":false}