{"cameraMode":{"drawMode":0,"name":"Shaded","section":"Shading Mode"},"sceneLighting":true,"audioPlay":false,"sceneViewState":{"showFog":true,"showMaterialUpdate":false,"showSkybox":true,"showFlares":true,"showImageEffects":true,"showParticleSystems":true},"in2DMode":false,"pivot":{"x":8.193918228149414,"y":-0.8029747009277344,"z":0.8766193389892578},"rotation":{"x":-0.5857512354850769,"y":-0.005585713777691126,"z":0.004055914003401995,"w":-0.8104844689369202},"size":19.080310821533204,"orthographic":false}