{"cameraMode":{"drawMode":0,"name":"Shaded","section":"Shading Mode"},"sceneLighting":true,"audioPlay":false,"sceneViewState":{"showFog":true,"showMaterialUpdate":false,"showSkybox":true,"showFlares":true,"showImageEffects":true,"showParticleSystems":true},"in2DMode":false,"pivot":{"x":66.88866424560547,"y":-1.6957817077636719,"z":63.7133903503418},"rotation":{"x":-0.6095521450042725,"y":-0.02329082414507866,"z":0.01794091798365116,"w":-0.7922296524047852},"size":31.061128616333009,"orthographic":false}