{"cameraMode":{"drawMode":0,"name":"Shaded","section":"Shading Mode"},"sceneLighting":true,"audioPlay":false,"sceneViewState":{"showFog":true,"showMaterialUpdate":false,"showSkybox":true,"showFlares":true,"showImageEffects":true,"showParticleSystems":true},"in2DMode":false,"pivot":{"x":245.1737060546875,"y":241.84744262695313,"z":72.61679077148438},"rotation":{"x":-0.009309791028499604,"y":-0.005402973387390375,"z":0.0000556849263375625,"w":-0.9999521374702454},"size":135.22947692871095,"orthographic":false}