{"cameraMode":{"drawMode":0,"name":"Shaded","section":"Shading Mode"},"sceneLighting":true,"audioPlay":false,"sceneViewState":{"showFog":true,"showMaterialUpdate":false,"showSkybox":true,"showFlares":true,"showImageEffects":true,"showParticleSystems":true},"in2DMode":false,"pivot":{"x":14.539847373962403,"y":9.540252685546875,"z":33.41844177246094},"rotation":{"x":-0.5941034555435181,"y":-0.017605528235435487,"z":0.013028503395617009,"w":-0.8041197657585144},"size":35.75724792480469,"orthographic":false}