{"cameraMode":{"drawMode":0,"name":"Shaded","section":"Shading Mode"},"sceneLighting":true,"audioPlay":false,"sceneViewState":{"showFog":true,"showMaterialUpdate":false,"showSkybox":true,"showFlares":true,"showImageEffects":true,"showParticleSystems":true},"in2DMode":false,"pivot":{"x":94.07303619384766,"y":-9.14608383178711,"z":77.60626220703125},"rotation":{"x":-0.6459990739822388,"y":-0.0029648710042238237,"z":0.002539288718253374,"w":-0.7633717656135559},"size":22.62567138671875,"orthographic":false}