{"cameraMode":{"drawMode":0,"name":"Shaded","section":"Shading Mode"},"sceneLighting":true,"audioPlay":false,"sceneViewState":{"showFog":true,"showMaterialUpdate":false,"showSkybox":true,"showFlares":true,"showImageEffects":true,"showParticleSystems":true},"in2DMode":false,"pivot":{"x":6.474476337432861,"y":-23.36226463317871,"z":78.23393249511719},"rotation":{"x":-0.6782903671264648,"y":-0.02158217318356037,"z":0.01996373012661934,"w":-0.7342386841773987},"size":17.98236083984375,"orthographic":false}