{"cameraMode":{"drawMode":0,"name":"Shaded","section":"Shading Mode"},"sceneLighting":true,"audioPlay":false,"sceneViewState":{"showFog":true,"showMaterialUpdate":false,"showSkybox":true,"showFlares":true,"showImageEffects":true,"showParticleSystems":true},"in2DMode":false,"pivot":{"x":358.72198486328127,"y":175.8269500732422,"z":42.36529541015625},"rotation":{"x":0.007190090138465166,"y":-0.008402914740145207,"z":-0.00004423217978910543,"w":-0.9999556541442871},"size":155.3012237548828,"orthographic":false}