{"cameraMode":{"drawMode":0,"name":"Shaded","section":"Shading Mode"},"sceneLighting":true,"audioPlay":false,"sceneViewState":{"showFog":true,"showMaterialUpdate":false,"showSkybox":true,"showFlares":true,"showImageEffects":true,"showParticleSystems":true},"in2DMode":false,"pivot":{"x":10.531826972961426,"y":-12.817146301269532,"z":83.3960189819336},"rotation":{"x":-0.6927815675735474,"y":-0.0017180852591991425,"z":0.0016809268854558468,"w":-0.7211897969245911},"size":23.394075393676759,"orthographic":false}