{"cameraMode":{"drawMode":0,"name":"Shaded","section":"Shading Mode"},"sceneLighting":true,"audioPlay":false,"sceneViewState":{"showFog":true,"showMaterialUpdate":false,"showSkybox":true,"showFlares":true,"showImageEffects":true,"showParticleSystems":true},"in2DMode":false,"pivot":{"x":127.1319351196289,"y":-3.0506744384765627,"z":52.37461853027344},"rotation":{"x":-0.49742797017097475,"y":-0.502520740032196,"z":0.5049741864204407,"w":-0.49505701661109927},"size":49.00880813598633,"orthographic":false}