{"cameraMode":{"drawMode":0,"name":"Shaded","section":"Shading Mode"},"sceneLighting":true,"audioPlay":false,"sceneViewState":{"showFog":true,"showMaterialUpdate":false,"showSkybox":true,"showFlares":true,"showImageEffects":true,"showParticleSystems":true},"in2DMode":false,"pivot":{"x":271.1076965332031,"y":183.1972198486328,"z":71.2454833984375},"rotation":{"x":-0.009309791028499604,"y":-0.005402973387390375,"z":0.0000556849263375625,"w":-0.9999521374702454},"size":111.41259002685547,"orthographic":false}