{"cameraMode":{"drawMode":0,"name":"Shaded","section":"Shading Mode"},"sceneLighting":false,"audioPlay":false,"sceneViewState":{"showFog":true,"showMaterialUpdate":false,"showSkybox":false,"showFlares":true,"showImageEffects":true,"showParticleSystems":true},"in2DMode":false,"pivot":{"x":195.630859375,"y":315.75421142578127,"z":-0.4716109037399292},"rotation":{"x":0.011689933948218823,"y":-0.005402461159974337,"z":-0.00006320445390883833,"w":-0.9999188780784607},"size":188.02574157714845,"orthographic":false}