{"cameraMode":{"drawMode":0,"name":"Shaded","section":"Shading Mode"},"sceneLighting":true,"audioPlay":false,"sceneViewState":{"showFog":true,"showMaterialUpdate":false,"showSkybox":true,"showFlares":true,"showImageEffects":true,"showParticleSystems":true},"in2DMode":false,"pivot":{"x":-1.1899712085723878,"y":-1.4926557540893555,"z":-4.24948787689209},"rotation":{"x":-0.39035582542419436,"y":0.5711441040039063,"z":-0.3543585240840912,"w":-0.6291661858558655},"size":3.86723256111145,"orthographic":false}