{"cameraMode":{"drawMode":0,"name":"Shaded","section":"Shading Mode"},"sceneLighting":true,"audioPlay":false,"sceneViewState":{"showFog":true,"showMaterialUpdate":false,"showSkybox":true,"showFlares":true,"showImageEffects":true,"showParticleSystems":true},"in2DMode":false,"pivot":{"x":110.34748840332031,"y":-0.6617527008056641,"z":74.7957763671875},"rotation":{"x":-0.6310002207756043,"y":0.0027962173335254194,"z":-0.0022614349145442249,"w":-0.7758374214172363},"size":10.369267463684082,"orthographic":false}