{"cameraMode":{"drawMode":0,"name":"Shaded","section":"Shading Mode"},"sceneLighting":true,"audioPlay":false,"sceneViewState":{"showFog":true,"showMaterialUpdate":false,"showSkybox":true,"showFlares":true,"showImageEffects":true,"showParticleSystems":true},"in2DMode":false,"pivot":{"x":42.43059158325195,"y":-1.1233749389648438,"z":39.81889343261719},"rotation":{"x":-0.6785409450531006,"y":-0.009463346563279629,"z":0.008772525936365128,"w":-0.7345107793807983},"size":43.76579666137695,"orthographic":false}