{"cameraMode":{"drawMode":0,"name":"Shaded","section":"Shading Mode"},"sceneLighting":true,"audioPlay":false,"sceneViewState":{"showFog":true,"showMaterialUpdate":false,"showSkybox":true,"showFlares":true,"showImageEffects":true,"showParticleSystems":true},"in2DMode":false,"pivot":{"x":2.823859453201294,"y":-18.08022689819336,"z":2.521805763244629},"rotation":{"x":-0.5137109160423279,"y":-0.044489651918411258,"z":0.02668728493154049,"w":-0.8563981056213379},"size":12.90787410736084,"orthographic":false}