{"cameraMode":{"drawMode":0,"name":"Shaded","section":"Shading Mode"},"sceneLighting":true,"audioPlay":false,"sceneViewState":{"showFog":true,"showMaterialUpdate":false,"showSkybox":true,"showFlares":true,"showImageEffects":true,"showParticleSystems":true},"in2DMode":false,"pivot":{"x":84.95092010498047,"y":6.650611877441406,"z":20.93147087097168},"rotation":{"x":-0.5941034555435181,"y":-0.017605528235435487,"z":0.013028503395617009,"w":-0.8041197657585144},"size":64.1534423828125,"orthographic":false}