{"cameraMode":{"drawMode":0,"name":"Shaded","section":"Shading Mode"},"sceneLighting":true,"audioPlay":false,"sceneViewState":{"showFog":true,"showMaterialUpdate":false,"showSkybox":true,"showFlares":true,"showImageEffects":true,"showParticleSystems":true},"in2DMode":false,"pivot":{"x":-4.607745170593262,"y":-12.82130241394043,"z":83.31712341308594},"rotation":{"x":-0.6927815675735474,"y":-0.0017180852591991425,"z":0.0016809268854558468,"w":-0.7211897969245911},"size":15.98245620727539,"orthographic":false}