{"cameraMode":{"drawMode":0,"name":"Shaded","section":"Shading Mode"},"sceneLighting":true,"audioPlay":false,"sceneViewState":{"showFog":true,"showMaterialUpdate":false,"showSkybox":true,"showFlares":true,"showImageEffects":true,"showParticleSystems":true},"in2DMode":false,"pivot":{"x":-2.7188243865966799,"y":20.974077224731447,"z":69.62389373779297},"rotation":{"x":-0.6210218071937561,"y":-0.03476016968488693,"z":0.027607660740613939,"w":-0.782563328742981},"size":-7.218229293823242,"orthographic":false}