{"cameraMode":{"drawMode":0,"name":"Shaded","section":"Shading Mode"},"sceneLighting":true,"audioPlay":false,"sceneViewState":{"showFog":true,"showMaterialUpdate":false,"showSkybox":true,"showFlares":true,"showImageEffects":true,"showParticleSystems":true},"in2DMode":false,"pivot":{"x":239.18128967285157,"y":-11.731201171875,"z":27.36577606201172},"rotation":{"x":-0.6471438407897949,"y":0.0004675211675930768,"z":-0.0003715052444022149,"w":-0.7624006867408752},"size":212.31399536132813,"orthographic":false}