{"cameraMode":{"drawMode":0,"name":"Shaded","section":"Shading Mode"},"sceneLighting":true,"audioPlay":false,"sceneViewState":{"showFog":true,"showMaterialUpdate":false,"showSkybox":true,"showFlares":true,"showImageEffects":true,"showParticleSystems":true},"in2DMode":false,"pivot":{"x":6.809055328369141,"y":-6.422874927520752,"z":13.380777359008789},"rotation":{"x":-0.5857512354850769,"y":-0.005585713777691126,"z":0.004055914003401995,"w":-0.8104844689369202},"size":5.625484943389893,"orthographic":false}